{
  "algorithm": "DummyClassifier",
  "train_path": "/home/jhgal/claude/projects/diplomado/data/processed/train.parquet",
  "val_path": "/home/jhgal/claude/projects/diplomado/data/processed/val.parquet",
  "hash_train": "958dea54f00d76d08f228b3a5e8d93f68b8220b73aabc21d3e86750adbb84fce",
  "hash_val": "e682311e65f41576b2e2bd10b391c6aa684e1843b78de7c007d4f87aaee70cd9",
  "feature_set": [
    "tenure",
    "MonthlyCharges",
    "TotalCharges",
    "services_count",
    "avg_monthly_spend",
    "monthly_spend_gap",
    "Contract",
    "tenure_bucket",
    "gender",
    "Partner",
    "Dependents",
    "PhoneService",
    "PaperlessBilling",
    "has_internet",
    "has_phone",
    "auto_payment",
    "MultipleLines_No",
    "MultipleLines_Yes",
    "InternetService_Fiber optic",
    "InternetService_No",
    "OnlineSecurity_No",
    "OnlineSecurity_Yes",
    "OnlineBackup_No",
    "OnlineBackup_Yes",
    "DeviceProtection_No",
    "DeviceProtection_Yes",
    "TechSupport_No",
    "TechSupport_Yes",
    "StreamingTV_No",
    "StreamingTV_Yes",
    "StreamingMovies_No",
    "StreamingMovies_Yes",
    "PaymentMethod_Mailed check",
    "PaymentMethod_Bank transfer (automatic)",
    "PaymentMethod_Credit card (automatic)"
  ],
  "hyperparameters": {
    "constant": null,
    "random_state": 42,
    "strategy": "stratified"
  },
  "metrics": {
    "train": {
      "pr_auc": 0.26521987628016136,
      "roc_auc": 0.499618687118212,
      "brier": 0.3879082978291743,
      "f1": 0.2623456790123457,
      "precision": 0.26479750778816197,
      "recall": 0.2599388379204893,
      "accuracy": 0.6120917021708258,
      "positive_rate": 0.2604990870359099,
      "base_rate": 0.26536822884966527,
      "lift_at_10": 1.016613320430988,
      "threshold": 0.5
    },
    "val": {
      "pr_auc": 0.26663956565101576,
      "roc_auc": 0.5020086583263015,
      "brier": 0.38789025543992434,
      "f1": 0.26785714285714285,
      "precision": 0.26881720430107525,
      "recall": 0.2669039145907473,
      "accuracy": 0.6121097445600757,
      "positive_rate": 0.2639545884578997,
      "base_rate": 0.26584673604541154,
      "lift_at_10": 0.9936211643053784,
      "threshold": 0.5
    },
    "val_tuned": {
      "pr_auc": 0.26663956565101576,
      "roc_auc": 0.5020086583263015,
      "brier": 0.38789025543992434,
      "f1": 0.26785714285714285,
      "precision": 0.26881720430107525,
      "recall": 0.2669039145907473,
      "accuracy": 0.6121097445600757,
      "positive_rate": 0.2639545884578997,
      "base_rate": 0.26584673604541154,
      "lift_at_10": 0.9936211643053784,
      "threshold": 0.05
    },
    "cv": {
      "pr_auc_mean": 0.26268298833098835,
      "pr_auc_std": 0.003497821411428848,
      "roc_auc_mean": 0.49218962438986313,
      "roc_auc_std": 0.010091739264624065,
      "n_folds": 5
    }
  },
  "random_state": 42,
  "feature_subset_applied": false,
  "name": "dummy_stratified",
  "created_at": "2026-05-27T21:58:05+00:00",
  "hash_model": "4f4781383b101f0141e5fa23b8c4d595ec0670e567feaa502e5d69201121bdb8"
}